,gr_id,gr_name,s_id,s_name,laboring
0,1,"Информационные технологии, интернет, телеком",1.395,Банковское ПО,False
1,1,"Информационные технологии, интернет, телеком",1.400,Оптимизация сайта (SEO),False
2,1,"Информационные технологии, интернет, телеком",1.420,Администратор баз данных,False
3,1,"Информационные технологии, интернет, телеком",1.474,Стартапы,False
4,1,"Информационные технологии, интернет, телеком",1.475,Игровое ПО,False
5,1,"Информационные технологии, интернет, телеком",1.536,CRM системы,False
6,1,"Информационные технологии, интернет, телеком",1.744,Другое,False
7,1,"Информационные технологии, интернет, телеком",1.3,"CTO, CIO, Директор по IT",False
8,1,"Информационные технологии, интернет, телеком",1.9,Web инженер,False
9,1,"Информационные технологии, интернет, телеком",1.10,Web мастер,False
10,1,"Информационные технологии, интернет, телеком",1.25,Аналитик,False
11,1,"Информационные технологии, интернет, телеком",1.30,Арт-директор,False
12,1,"Информационные технологии, интернет, телеком",1.50,Системы управления предприятием (ERP),False
13,1,"Информационные технологии, интернет, телеком",1.82,Инженер,False
14,1,"Информационные технологии, интернет, телеком",1.89,Интернет,False
15,1,"Информационные технологии, интернет, телеком",1.110,Компьютерная безопасность,False
16,1,"Информационные технологии, интернет, телеком",1.113,"Консалтинг, Аутсорсинг",False
17,1,"Информационные технологии, интернет, телеком",1.116,Контент,False
18,1,"Информационные технологии, интернет, телеком",1.117,Тестирование,False
19,1,"Информационные технологии, интернет, телеком",1.137,Маркетинг,False
20,1,"Информационные технологии, интернет, телеком",1.161,Мультимедиа,False
21,1,"Информационные технологии, интернет, телеком",1.172,"Начальный уровень, Мало опыта",False
22,1,"Информационные технологии, интернет, телеком",1.203,Передача данных и доступ в интернет,False
23,1,"Информационные технологии, интернет, телеком",1.211,"Поддержка, Helpdesk",False
24,1,"Информационные технологии, интернет, телеком",1.221,"Программирование, Разработка",False
25,1,"Информационные технологии, интернет, телеком",1.225,Продажи,False
26,1,"Информационные технологии, интернет, телеком",1.232,Продюсер,False
27,1,"Информационные технологии, интернет, телеком",1.246,Развитие бизнеса,False
28,1,"Информационные технологии, интернет, телеком",1.270,Сетевые технологии,False
29,1,"Информационные технологии, интернет, телеком",1.272,Системная интеграция,False
30,1,"Информационные технологии, интернет, телеком",1.273,Системный администратор,False
31,1,"Информационные технологии, интернет, телеком",1.274,Системы автоматизированного проектирования,False
32,1,"Информационные технологии, интернет, телеком",1.277,"Сотовые, Беспроводные технологии",False
33,1,"Информационные технологии, интернет, телеком",1.295,Телекоммуникации,False
34,1,"Информационные технологии, интернет, телеком",1.296,Технический писатель,False
35,1,"Информационные технологии, интернет, телеком",1.327,Управление проектами,False
36,1,"Информационные технологии, интернет, телеком",1.359,Электронная коммерция,False
37,20,"Строительство, недвижимость",20.396,Эксплуатация,False
38,20,"Строительство, недвижимость",20.445,ЖКХ,False
39,20,"Строительство, недвижимость",20.484,Геодезия и картография,False
40,20,"Строительство, недвижимость",20.490,Рабочие строительных специальностей,True
41,20,"Строительство, недвижимость",20.525,Землеустройство,False
42,20,"Строительство, недвижимость",20.526,Оценка,False
43,20,"Строительство, недвижимость",20.527,"Отопление, вентиляция и кондиционирование",False
44,20,"Строительство, недвижимость",20.528,Водоснабжение и канализация,False
45,20,"Строительство, недвижимость",20.573,Тендеры,False
46,20,"Строительство, недвижимость",20.755,Другое,False
47,20,"Строительство, недвижимость",20.20,Агент,False
48,20,"Строительство, недвижимость",20.58,"Гостиницы, Магазины",False
49,20,"Строительство, недвижимость",20.63,Дизайн/Оформление,False
50,20,"Строительство, недвижимость",20.70,Жилье,False
51,20,"Строительство, недвижимость",20.83,Инженер,False
52,20,"Строительство, недвижимость",20.186,"Начальный уровень, Мало опыта",False
53,20,"Строительство, недвижимость",20.189,Нежилые помещения,False
54,20,"Строительство, недвижимость",20.233,"Проектирование, Архитектура",False
55,20,"Строительство, недвижимость",20.287,Строительство,False
56,20,"Строительство, недвижимость",20.325,Управление проектами,False
57,20,"Строительство, недвижимость",20.375,Девелопер,False
58,20,"Строительство, недвижимость",20.387,Прораб,False
59,17,Продажи,17.397,"Электротехническое оборудование, Светотехника",False
60,17,Продажи,17.401,Химическая продукция,False
61,17,Продажи,17.405,Сертификация,False
62,17,Продажи,17.417,Строительные материалы,False
63,17,Продажи,17.418,Сельское хозяйство,False
64,17,Продажи,17.440,"Текстиль, Одежда, Обувь",False
65,17,Продажи,17.441,Франчайзинг,False
66,17,Продажи,17.443,Мебель,False
67,17,Продажи,17.446,Системы безопасности,False
68,17,Продажи,17.486,Сантехника,False
69,17,Продажи,17.487,Бытовая техника,False
70,17,Продажи,17.520,Продавец в магазине,True
71,17,Продажи,17.535,Торговые сети,False
72,17,Продажи,17.538,"Продажи по телефону, Телемаркетинг",True
73,17,Продажи,17.572,Тендеры,False
74,17,Продажи,17.580,Клининговые услуги,False
75,17,Продажи,17.623,Финансовые услуги,False
76,17,Продажи,17.625,Решения по автоматизации процессов,False
77,17,Продажи,17.751,Другое,False
78,17,Продажи,17.15,"Автомобили, Запчасти",False
79,17,Продажи,17.24,Алкоголь,False
80,17,Продажи,17.59,"ГСМ, нефть, бензин",False
81,17,Продажи,17.65,Дилерские сети,False
82,17,Продажи,17.66,Дистрибуция,False
83,17,Продажи,17.111,Компьютерная техника,False
84,17,Продажи,17.112,Компьютерные программы,False
85,17,Продажи,17.144,"Медицина, Фармацевтика",False
86,17,Продажи,17.149,Менеджер по работе с клиентами,False
87,17,Продажи,17.152,Металлопрокат,False
88,17,Продажи,17.156,Многоуровневый маркетинг,False
89,17,Продажи,17.183,"Начальный уровень, Мало опыта",False
90,17,Продажи,17.196,Оптовая торговля,False
91,17,Продажи,17.231,Продукты питания,False
92,17,Продажи,17.242,Прямые продажи,False
93,17,Продажи,17.256,Розничная торговля,False
94,17,Продажи,17.269,"Телекоммуникации, Сетевые решения",False
95,17,Продажи,17.279,"Станки, тяжелое оборудование",False
96,17,Продажи,17.301,Товары для бизнеса,False
97,17,Продажи,17.302,"FMCG, Товары народного потребления",False
98,17,Продажи,17.303,Торговля биржевыми товарами,False
99,17,Продажи,17.306,Торговый представитель,False
100,17,Продажи,17.324,Управление продажами,False
101,17,Продажи,17.333,Услуги для бизнеса,False
102,17,Продажи,17.334,Услуги для населения,False
103,17,Продажи,17.350,Цветные металлы,False
104,17,Продажи,17.358,"Электроника, фото, видео",False
105,13,"Медицина, фармацевтика",13.398,Клинические исследования,False
106,13,"Медицина, фармацевтика",13.432,Производство,False
107,13,"Медицина, фармацевтика",13.433,Регистратура,False
108,13,"Медицина, фармацевтика",13.438,Оптика,False
109,13,"Медицина, фармацевтика",13.447,Психология,False
110,13,"Медицина, фармацевтика",13.489,Медицинский представитель,False
111,13,"Медицина, фармацевтика",13.537,Медицинский советник,False
112,13,"Медицина, фармацевтика",13.567,"Дефектолог, Логопед",False
113,13,"Медицина, фармацевтика",13.578,Фармацевт,False
114,13,"Медицина, фармацевтика",13.587,Врач-эксперт,False
115,13,"Медицина, фармацевтика",13.732,Стоматология,False
116,13,"Медицина, фармацевтика",13.748,Другое,False
117,13,"Медицина, фармацевтика",13.49,Ветеринария,False
118,13,"Медицина, фармацевтика",13.128,Лаборант,False
119,13,"Медицина, фармацевтика",13.131,Лечащий врач,False
120,13,"Медицина, фармацевтика",13.138,Маркетинг,False
121,13,"Медицина, фармацевтика",13.155,Младший и средний медперсонал,True
122,13,"Медицина, фармацевтика",13.185,"Начальный уровень, Мало опыта",False
123,13,"Медицина, фармацевтика",13.220,Провизор,False
124,13,"Медицина, фармацевтика",13.227,Продажи,False
125,13,"Медицина, фармацевтика",13.228,Лекарственные препараты,False
126,13,"Медицина, фармацевтика",13.229,Медицинское оборудование,False
127,13,"Медицина, фармацевтика",13.268,Сертификация,False
128,5,"Банки, инвестиции, лизинг",5.399,"Ипотека, Ипотечное кредитование",False
129,5,"Банки, инвестиции, лизинг",5.424,Паевые фонды,False
130,5,"Банки, инвестиции, лизинг",5.426,Экономист,False
131,5,"Банки, инвестиции, лизинг",5.444,Финансовый мониторинг,False
132,5,"Банки, инвестиции, лизинг",5.450,Кредитование малого и среднего бизнеса,False
133,5,"Банки, инвестиции, лизинг",5.457,Риски: операционные,False
134,5,"Банки, инвестиции, лизинг",5.458,Риски: финансовые,False
135,5,"Банки, инвестиции, лизинг",5.459,Риски: рыночные,False
136,5,"Банки, инвестиции, лизинг",5.460,Автокредитование,False
137,5,"Банки, инвестиции, лизинг",5.534,Факторинг,False
138,5,"Банки, инвестиции, лизинг",5.579,Работа с проблемными заемщиками,False
139,5,"Банки, инвестиции, лизинг",5.691,Private Banking,False
140,5,"Банки, инвестиции, лизинг",5.735,Другое,False
141,5,"Банки, инвестиции, лизинг",5.4,Forex,False
142,5,"Банки, инвестиции, лизинг",5.23,"Акции, Ценные бумаги",False
143,5,"Банки, инвестиции, лизинг",5.27,Аналитик,False
144,5,"Банки, инвестиции, лизинг",5.34,"Аудит, Внутренний контроль",False
145,5,"Банки, инвестиции, лизинг",5.41,Бумаги с фиксированной доходностью (fixed Income),False
146,5,"Банки, инвестиции, лизинг",5.42,Бухгалтер,False
147,5,"Банки, инвестиции, лизинг",5.45,Валютный контроль,False
148,5,"Банки, инвестиции, лизинг",5.51,Внутренние операции (Back Office),False
149,5,"Банки, инвестиции, лизинг",5.61,Денежный рынок (money market),False
150,5,"Банки, инвестиции, лизинг",5.79,Инвестиционная компания,False
151,5,"Банки, инвестиции, лизинг",5.101,"Трейдинг, Дилинг",False
152,5,"Банки, инвестиции, лизинг",5.103,"Кассовое обслуживание, инкассация",False
153,5,"Банки, инвестиции, лизинг",5.106,Коммерческий банк,False
154,5,"Банки, инвестиции, лизинг",5.121,Корпоративное финансирование,False
155,5,"Банки, инвестиции, лизинг",5.123,"Корреспондентские, Международные отношения",False
156,5,"Банки, инвестиции, лизинг",5.124,Риски: кредитные,False
157,5,"Банки, инвестиции, лизинг",5.126,Кредиты,False
158,5,"Банки, инвестиции, лизинг",5.132,Лизинг,False
159,5,"Банки, инвестиции, лизинг",5.133,Риски: лизинговые,False
160,5,"Банки, инвестиции, лизинг",5.163,Налоги,False
161,5,"Банки, инвестиции, лизинг",5.177,"Начальный уровень, Мало опыта",False
162,5,"Банки, инвестиции, лизинг",5.192,"Обменные пункты, Банкоматы",False
163,5,"Банки, инвестиции, лизинг",5.195,ОПЕРУ,False
164,5,"Банки, инвестиции, лизинг",5.210,Пластиковые карты,False
165,5,"Банки, инвестиции, лизинг",5.215,Портфельные инвестиции,False
166,5,"Банки, инвестиции, лизинг",5.219,Привлечение клиентов,False
167,5,"Банки, инвестиции, лизинг",5.224,Продажа финансовых продуктов,False
168,5,"Банки, инвестиции, лизинг",5.234,Проектное финансирование,False
169,5,"Банки, инвестиции, лизинг",5.241,Прямые инвестиции,False
170,5,"Банки, инвестиции, лизинг",5.250,Расчеты,False
171,5,"Банки, инвестиции, лизинг",5.257,Розничный бизнес,False
172,5,"Банки, инвестиции, лизинг",5.262,Руководство бухгалтерией,False
173,5,"Банки, инвестиции, лизинг",5.304,Торговое финансирование,False
174,5,"Банки, инвестиции, лизинг",5.341,Филиалы,False
175,5,"Банки, инвестиции, лизинг",5.365,"Оценка залога, Стоимости имущества",False
176,5,"Банки, инвестиции, лизинг",5.366,Риски: прочие,False
177,5,"Банки, инвестиции, лизинг",5.367,"Методология, Банковские технологии",False
178,5,"Банки, инвестиции, лизинг",5.368,"Разработка новых продуктов, Маркетинг",False
179,5,"Банки, инвестиции, лизинг",5.369,Отчетность,False
180,5,"Банки, инвестиции, лизинг",5.370,"Казначейство, Управление ликвидностью",False
181,5,"Банки, инвестиции, лизинг",5.371,Кредиты: розничные,False
182,5,"Банки, инвестиции, лизинг",5.372,Бюджетирование,False
183,5,"Банки, инвестиции, лизинг",5.394,Эмиссии,False
184,21,"Транспорт, логистика",21.402,Гражданская авиация,False
185,21,"Транспорт, логистика",21.403,Бизнес-авиация,False
186,21,"Транспорт, логистика",21.480,Контейнерные перевозки,False
187,21,"Транспорт, логистика",21.481,Диспетчер,False
188,21,"Транспорт, логистика",21.482,Водитель,True
189,21,"Транспорт, логистика",21.506,Экспедитор,True
190,21,"Транспорт, логистика",21.563,Кладовщик,True
191,21,"Транспорт, логистика",21.564,Рабочий склада,True
192,21,"Транспорт, логистика",21.756,Другое,False
193,21,"Транспорт, логистика",21.763,Общественный транспорт,False
194,21,"Транспорт, логистика",21.12,Авиаперевозки,False
195,21,"Транспорт, логистика",21.17,Автоперевозки,True
196,21,"Транспорт, логистика",21.53,ВЭД,False
197,21,"Транспорт, логистика",21.69,Железнодорожные перевозки,False
198,21,"Транспорт, логистика",21.74,"Закупки, Снабжение",False
199,21,"Транспорт, логистика",21.136,Логистика,False
200,21,"Транспорт, логистика",21.158,Морские/Речные перевозки,False
201,21,"Транспорт, логистика",21.176,"Начальный уровень, Мало опыта",False
202,21,"Транспорт, логистика",21.275,Складское хозяйство,False
203,21,"Транспорт, логистика",21.292,Таможенное оформление,False
204,21,"Транспорт, логистика",21.310,Трубопроводы,False
205,18,"Производство, сельское хозяйство",18.404,Сертификация,False
206,18,"Производство, сельское хозяйство",18.431,Главный механик,False
207,18,"Производство, сельское хозяйство",18.451,Управление проектами,False
208,18,"Производство, сельское хозяйство",18.453,Ювелирная промышленность,False
209,18,"Производство, сельское хозяйство",18.488,Метролог,False
210,18,"Производство, сельское хозяйство",18.568,Конструктор,False
211,18,"Производство, сельское хозяйство",18.585,Атомная энергетика,False
212,18,"Производство, сельское хозяйство",18.752,Другое,False
213,18,"Производство, сельское хозяйство",18.13,Авиационная промышленность,False
214,18,"Производство, сельское хозяйство",18.16,Автомобильная промышленность,False
215,18,"Производство, сельское хозяйство",18.56,Главный агроном,False
216,18,"Производство, сельское хозяйство",18.57,Главный инженер,False
217,18,"Производство, сельское хозяйство",18.73,Закупки и снабжение,False
218,18,"Производство, сельское хозяйство",18.75,Зоотехник,False
219,18,"Производство, сельское хозяйство",18.81,Инженер,False
220,18,"Производство, сельское хозяйство",18.84,"Инженер, Мясо- и птицепереработка",False
221,18,"Производство, сельское хозяйство",18.85,"Инженер, Производство и переработка зерновых",False
222,18,"Производство, сельское хозяйство",18.86,"Инженер, Производство сахара",False
223,18,"Производство, сельское хозяйство",18.118,Контроль качества,False
224,18,"Производство, сельское хозяйство",18.129,Легкая промышленность,False
225,18,"Производство, сельское хозяйство",18.130,"Деревообработка, Лесная промышленность",False
226,18,"Производство, сельское хозяйство",18.142,Машиностроение,False
227,18,"Производство, сельское хозяйство",18.143,Мебельное производство,False
228,18,"Производство, сельское хозяйство",18.153,Металлургия,False
229,18,"Производство, сельское хозяйство",18.174,"Начальный уровень, Мало опыта",False
230,18,"Производство, сельское хозяйство",18.190,Нефтепереработка,False
231,18,"Производство, сельское хозяйство",18.201,Охрана труда,False
232,18,"Производство, сельское хозяйство",18.208,Пищевая промышленность,False
233,18,"Производство, сельское хозяйство",18.212,Полиграфия,False
234,18,"Производство, сельское хозяйство",18.245,Радиоэлектронная промышленность,False
235,18,"Производство, сельское хозяйство",18.263,Руководство предприятием,False
236,18,"Производство, сельское хозяйство",18.265,Сельхозпроизводство,False
237,18,"Производство, сельское хозяйство",18.290,Стройматериалы,False
238,18,"Производство, сельское хозяйство",18.291,Табачная промышленность,False
239,18,"Производство, сельское хозяйство",18.297,Технолог,False
240,18,"Производство, сельское хозяйство",18.298,"Технолог, Мясо- и птицепереработка",False
241,18,"Производство, сельское хозяйство",18.299,"Технолог, Производство и переработка зерновых",False
242,18,"Производство, сельское хозяйство",18.300,"Технолог, Производство сахара",False
243,18,"Производство, сельское хозяйство",18.330,Управление цехом,False
244,18,"Производство, сельское хозяйство",18.339,Фармацевтическая промышленность,False
245,18,"Производство, сельское хозяйство",18.348,Химическая промышленность,False
246,18,"Производство, сельское хозяйство",18.354,Эколог,False
247,18,"Производство, сельское хозяйство",18.360,Электроэнергетика,False
248,18,"Производство, сельское хозяйство",18.361,Энергетик производства,False
249,18,"Производство, сельское хозяйство",18.373,Судостроение,False
250,26,Закупки,26.406,Сертификация,False
251,26,Закупки,26.407,"Автомобили, Запчасти",False
252,26,Закупки,26.408,Алкоголь,False
253,26,Закупки,26.409,"ГСМ, нефть, бензин",False
254,26,Закупки,26.410,Компьютерная техника,False
255,26,Закупки,26.411,Фармацевтика,False
256,26,Закупки,26.412,Продукты питания,False
257,26,Закупки,26.413,Товары для бизнеса,False
258,26,Закупки,26.414,"Электроника, фото, видео",False
259,26,Закупки,26.415,Химическая продукция,False
260,26,Закупки,26.416,"FMCG, Товары народного потребления",False
261,26,Закупки,26.419,"Начальный уровень, Мало опыта",False
262,26,Закупки,26.427,Металлопрокат,False
263,26,Закупки,26.437,Управление закупками,False
264,26,Закупки,26.439,Строительные материалы,False
265,26,Закупки,26.449,Электротехническое оборудование/светотехника,False
266,26,Закупки,26.473,"Станки, Тяжелое оборудование",False
267,26,Закупки,26.574,Тендеры,False
268,26,Закупки,26.742,Другое,False
269,19,Страхование,19.421,Актуарий,False
270,19,Страхование,19.430,Урегулирование убытков,False
271,19,Страхование,19.483,Перестрахование,False
272,19,Страхование,19.586,Врач-эксперт,False
273,19,Страхование,19.754,Другое,False
274,19,Страхование,19.18,Автострахование,False
275,19,Страхование,19.19,Агент,False
276,19,Страхование,19.28,Андеррайтер,False
277,19,Страхование,19.108,Комплексное страхование физических лиц,False
278,19,Страхование,19.109,Комплексное страхование юридических лиц,False
279,19,Страхование,19.147,Медицинское страхование,False
280,19,Страхование,19.170,"Начальный уровень, Мало опыта",False
281,19,Страхование,19.259,Руководитель направления,False
282,19,Страхование,19.282,Страхование бизнеса,False
283,19,Страхование,19.283,Страхование жизни,False
284,19,Страхование,19.284,Страхование недвижимости,False
285,19,Страхование,19.285,Страхование ответственности,False
286,19,Страхование,19.357,Эксперт-оценщик,False
287,23,Юристы,23.422,Авторское право,False
288,23,Юристы,23.442,Международное право,False
289,23,Юристы,23.476,Земельное право,False
290,23,Юристы,23.477,Договорное право,False
291,23,Юристы,23.478,Регистрация юридических лиц,False
292,23,Юристы,23.479,"Взыскание задолженности, Коллекторская деятельность",False
293,23,Юристы,23.539,Антимонопольное право,False
294,23,Юристы,23.759,Другое,False
295,23,Юристы,23.2,Compliance,False
296,23,Юристы,23.21,Адвокат,False
297,23,Юристы,23.29,Арбитраж,False
298,23,Юристы,23.36,Банковское право,False
299,23,Юристы,23.72,Законотворчество,False
300,23,Юристы,23.88,Интеллектуальная собственность,False
301,23,Юристы,23.120,Корпоративное право,False
302,23,Юристы,23.159,Морское право,False
303,23,Юристы,23.165,Налоговое право,False
304,23,Юристы,23.182,"Начальный уровень, Мало опыта",False
305,23,Юристы,23.187,Недвижимость,False
306,23,Юристы,23.188,Недропользование,False
307,23,Юристы,23.214,Помощник,False
308,23,Юристы,23.266,Семейное право,False
309,23,Юристы,23.276,Слияния и поглощения,False
310,23,Юристы,23.286,Страховое право,False
311,23,Юристы,23.311,Трудовое право,False
312,23,Юристы,23.314,Уголовное право,False
313,23,Юристы,23.352,"Ценные бумаги, Рынки капитала",False
314,23,Юристы,23.362,Юрисконсульт,False
315,3,"Маркетинг, реклама, PR",3.423,Ассистент,False
316,3,"Маркетинг, реклама, PR",3.507,Тайный покупатель,True
317,3,"Маркетинг, реклама, PR",3.508,"Проведение опросов, Интервьюер",True
318,3,"Маркетинг, реклама, PR",3.509,Промоутер,True
319,3,"Маркетинг, реклама, PR",3.747,Другое,False
320,3,"Маркетинг, реклама, PR",3.1,Below The Line (BTL),False
321,3,"Маркетинг, реклама, PR",3.8,"PR, Маркетинговые коммуникации",False
322,3,"Маркетинг, реклама, PR",3.26,Аналитик,False
323,3,"Маркетинг, реклама, PR",3.31,Арт директор,False
324,3,"Маркетинг, реклама, PR",3.40,Бренд-менеджмент,False
325,3,"Маркетинг, реклама, PR",3.48,Верстальщик,False
326,3,"Маркетинг, реклама, PR",3.64,Дизайнер,False
327,3,"Маркетинг, реклама, PR",3.90,Интернет-маркетинг,False
328,3,"Маркетинг, реклама, PR",3.98,Исследования рынка,False
329,3,"Маркетинг, реклама, PR",3.114,Консультант,False
330,3,"Маркетинг, реклама, PR",3.119,Копирайтер,False
331,3,"Маркетинг, реклама, PR",3.148,Менеджер по работе с клиентами,False
332,3,"Маркетинг, реклама, PR",3.150,Менеджмент продукта (Product manager),False
333,3,"Маркетинг, реклама, PR",3.151,Мерчендайзинг,False
334,3,"Маркетинг, реклама, PR",3.166,Наружная реклама,False
335,3,"Маркетинг, реклама, PR",3.171,"Начальный уровень, Мало опыта",False
336,3,"Маркетинг, реклама, PR",3.206,Печатная реклама,False
337,3,"Маркетинг, реклама, PR",3.209,"Планирование, Размещение рекламы",False
338,3,"Маркетинг, реклама, PR",3.213,Политический PR,False
339,3,"Маркетинг, реклама, PR",3.230,"Продвижение, Специальные мероприятия",False
340,3,"Маркетинг, реклама, PR",3.236,Производство рекламы,False
341,3,"Маркетинг, реклама, PR",3.244,Радио реклама,False
342,3,"Маркетинг, реклама, PR",3.253,Рекламный агент,False
343,3,"Маркетинг, реклама, PR",3.294,Телевизионная реклама,False
344,3,"Маркетинг, реклама, PR",3.305,Торговый маркетинг(Trade marketing),False
345,3,"Маркетинг, реклама, PR",3.318,Управление маркетингом,False
346,3,"Маркетинг, реклама, PR",3.328,Управление проектами,False
347,2,"Бухгалтерия, управленческий учет, финансы предприятия",2.425,Экономист,False
348,2,"Бухгалтерия, управленческий учет, финансы предприятия",2.434,Планово-экономическое управление,False
349,2,"Бухгалтерия, управленческий учет, финансы предприятия",2.454,"МСФО, IFRS",False
350,2,"Бухгалтерия, управленческий учет, финансы предприятия",2.463,Бухгалтер-калькулятор,False
351,2,"Бухгалтерия, управленческий учет, финансы предприятия",2.464,Основные средства,False
352,2,"Бухгалтерия, управленческий учет, финансы предприятия",2.465,GAAP,False
353,2,"Бухгалтерия, управленческий учет, финансы предприятия",2.467,ACCA,False
354,2,"Бухгалтерия, управленческий учет, финансы предприятия",2.468,ТМЦ,False
355,2,"Бухгалтерия, управленческий учет, финансы предприятия",2.469,Первичная документация,False
356,2,"Бухгалтерия, управленческий учет, финансы предприятия",2.523,CIPA,False
357,2,"Бухгалтерия, управленческий учет, финансы предприятия",2.737,Другое,False
358,2,"Бухгалтерия, управленческий учет, финансы предприятия",2.33,Аудит,False
359,2,"Бухгалтерия, управленческий учет, финансы предприятия",2.43,Бухгалтер,False
360,2,"Бухгалтерия, управленческий учет, финансы предприятия",2.44,Бюджетирование и планирование,False
361,2,"Бухгалтерия, управленческий учет, финансы предприятия",2.46,Валютный контроль,False
362,2,"Бухгалтерия, управленческий учет, финансы предприятия",2.100,Казначейство,False
363,2,"Бухгалтерия, управленческий учет, финансы предприятия",2.102,"Кассир, Инкассатор",False
364,2,"Бухгалтерия, управленческий учет, финансы предприятия",2.125,Кредитный контроль,False
365,2,"Бухгалтерия, управленческий учет, финансы предприятия",2.164,Налоги,False
366,2,"Бухгалтерия, управленческий учет, финансы предприятия",2.179,"Начальный уровень, Мало опыта",False
367,2,"Бухгалтерия, управленческий учет, финансы предприятия",2.200,Оффшоры,False
368,2,"Бухгалтерия, управленческий учет, финансы предприятия",2.249,Расчет себестоимости,False
369,2,"Бухгалтерия, управленческий учет, финансы предприятия",2.261,Руководство бухгалтерией,False
370,2,"Бухгалтерия, управленческий учет, финансы предприятия",2.335,Учет заработной платы,False
371,2,"Бухгалтерия, управленческий учет, финансы предприятия",2.337,Учет счетов и платежей,False
372,2,"Бухгалтерия, управленческий учет, финансы предприятия",2.342,Финансовый анализ,False
373,2,"Бухгалтерия, управленческий учет, финансы предприятия",2.343,Финансовый контроль,False
374,2,"Бухгалтерия, управленческий учет, финансы предприятия",2.344,Финансовый менеджмент,False
375,2,"Бухгалтерия, управленческий учет, финансы предприятия",2.351,Ценные бумаги,False
376,4,Административный персонал,4.428,Последовательный перевод,False
377,4,Административный персонал,4.429,Делопроизводство,False
378,4,Административный персонал,4.456,Вечерний секретарь,False
379,4,Административный персонал,4.494,Уборщица/уборщик,True
380,4,Административный персонал,4.734,Другое,False
381,4,Административный персонал,4.32,Архивист,False
382,4,Административный персонал,4.47,Ввод данных,False
383,4,Административный персонал,4.52,Водитель,True
384,4,Административный персонал,4.127,Курьер,True
385,4,Административный персонал,4.181,"Начальный уровень, Мало опыта",False
386,4,Административный персонал,4.205,Персональный ассистент,False
387,4,Административный персонал,4.207,Письменный перевод,False
388,4,Административный персонал,4.255,Ресепшен,False
389,4,Административный персонал,4.264,Секретарь,False
390,4,Административный персонал,4.271,Синхронный перевод,False
391,4,Административный персонал,4.278,Сотрудник call-центра,True
392,4,Административный персонал,4.332,Управляющий офисом (Оffice manager),False
393,4,Административный персонал,4.338,Учет товарооборота,False
394,4,Административный персонал,4.374,АХО,False
395,16,"Государственная служба, некоммерческие организации",16.435,НИИ,False
396,16,"Государственная служба, некоммерческие организации",16.569,Архивариус,False
397,16,"Государственная служба, некоммерческие организации",16.570,Атташе,False
398,16,"Государственная служба, некоммерческие организации",16.571,Библиотекарь,False
399,16,"Государственная служба, некоммерческие организации",16.658,Муниципалитет,False
400,16,"Государственная служба, некоммерческие организации",16.739,Другое,False
401,16,"Государственная служба, некоммерческие организации",16.760,Военнослужащий,False
402,16,"Государственная служба, некоммерческие организации",16.761,Сотрудник полиции/ГИБДД,False
403,16,"Государственная служба, некоммерческие организации",16.38,Благотворительность,False
404,16,"Государственная служба, некоммерческие организации",16.194,Общественные организации,False
405,16,"Государственная служба, некоммерческие организации",16.216,Правительство,False
406,11,"Искусство, развлечения, масс-медиа",11.436,Кино,False
407,11,"Искусство, развлечения, масс-медиа",11.745,"Корректор, ретушер",False
408,11,"Искусство, развлечения, масс-медиа",11.62,"Дизайн, графика, живопись",False
409,11,"Искусство, развлечения, масс-медиа",11.71,Журналистика,False
410,11,"Искусство, развлечения, масс-медиа",11.76,Издательская деятельность,False
411,11,"Искусство, развлечения, масс-медиа",11.99,Казино и игорный бизнес,False
412,11,"Искусство, развлечения, масс-медиа",11.134,"Литературная, Редакторская деятельность",False
413,11,"Искусство, развлечения, масс-медиа",11.157,Мода,False
414,11,"Искусство, развлечения, масс-медиа",11.160,Музыка,False
415,11,"Искусство, развлечения, масс-медиа",11.173,"Начальный уровень, Мало опыта",False
416,11,"Искусство, развлечения, масс-медиа",11.218,Пресса,False
417,11,"Искусство, развлечения, масс-медиа",11.240,Другое,False
418,11,"Искусство, развлечения, масс-медиа",11.243,Радио,False
419,11,"Искусство, развлечения, масс-медиа",11.293,Телевидение,False
420,11,"Искусство, развлечения, масс-медиа",11.347,Фотография,False
421,9,Высший менеджмент,9.448,Юриспруденция,False
422,9,Высший менеджмент,9.452,Страхование,False
423,9,Высший менеджмент,9.521,"Спортивные клубы, Фитнес, Салоны красоты",False
424,9,Высший менеджмент,9.532,Управление закупками,False
425,9,Высший менеджмент,9.562,Антикризисное управление,False
426,9,Высший менеджмент,9.738,Другое,False
427,9,Высший менеджмент,9.22,Администрирование,False
428,9,Высший менеджмент,9.67,Добыча cырья,False
429,9,Высший менеджмент,9.78,Инвестиции,False
430,9,Высший менеджмент,9.94,"Информационные технологии, Интернет, Мультимедиа",False
431,9,Высший менеджмент,9.95,"Искусство, Развлечения, Масс-медиа",False
432,9,Высший менеджмент,9.105,Коммерческий Банк,False
433,9,Высший менеджмент,9.115,Консультирование,False
434,9,Высший менеджмент,9.139,"Маркетинг, Реклама, PR",False
435,9,Высший менеджмент,9.145,"Медицина, Фармацевтика",False
436,9,Высший менеджмент,9.168,"Наука, Образование",False
437,9,Высший менеджмент,9.226,Продажи,False
438,9,Высший менеджмент,9.238,"Производство, Технология",False
439,9,Высший менеджмент,9.289,"Строительство, Недвижимость",False
440,9,Высший менеджмент,9.307,"Транспорт, Логистика",False
441,9,Высший менеджмент,9.312,"Туризм, Гостиницы, Рестораны",False
442,9,Высший менеджмент,9.317,Управление малым бизнесом,False
443,9,Высший менеджмент,9.321,"Управление персоналом, Тренинги",False
444,9,Высший менеджмент,9.345,Финансы,False
445,7,Автомобильный бизнес,7.455,"Шины, Диски",False
446,7,Автомобильный бизнес,7.502,Тонировщик,True
447,7,Автомобильный бизнес,7.503,Автослесарь,True
448,7,Автомобильный бизнес,7.565,Автожестянщик,True
449,7,Автомобильный бизнес,7.566,Автомойщик,True
450,7,Автомобильный бизнес,7.733,Другое,False
451,7,Автомобильный бизнес,7.14,Автозапчасти,False
452,7,Автомобильный бизнес,7.222,Продажа,False
453,7,Автомобильный бизнес,7.235,Производство,False
454,7,Автомобильный бизнес,7.239,"Прокат, лизинг",False
455,7,Автомобильный бизнес,7.267,Сервисное обслуживание,False
456,7,Автомобильный бизнес,7.392,"Начальный уровень, Мало опыта",False
457,8,Безопасность,8.461,Системы видеонаблюдения,False
458,8,Безопасность,8.462,"Взыскание задолженности, Коллекторская деятельность",False
459,8,Безопасность,8.519,Инкассатор,True
460,8,Безопасность,8.575,Пожарная безопасность,False
461,8,Безопасность,8.736,Другое,False
462,8,Безопасность,8.77,Имущественная безопасность,False
463,8,Безопасность,8.135,Личная безопасность,False
464,8,Безопасность,8.202,Охранник,True
465,8,Безопасность,8.260,Руководитель СБ,False
466,8,Безопасность,8.356,Экономическая и информационная безопасность,False
467,10,Добыча сырья,10.470,Бурение,False
468,10,Добыча сырья,10.471,Маркшейдер,False
469,10,Добыча сырья,10.472,Газ,False
470,10,Добыча сырья,10.740,Другое,False
471,10,Добыча сырья,10.54,Геологоразведка,False
472,10,Добыча сырья,10.80,Инженер,False
473,10,Добыча сырья,10.191,Нефть,False
474,10,Добыча сырья,10.258,Руда,False
475,10,Добыча сырья,10.315,Уголь,False
476,10,Добыча сырья,10.323,Управление предприятием,False
477,10,Добыча сырья,10.393,"Начальный уровень, Мало опыта",False
478,22,"Туризм, гостиницы, рестораны",22.491,Повар,True
479,22,"Туризм, гостиницы, рестораны",22.504,Хостес,True
480,22,"Туризм, гостиницы, рестораны",22.505,Швейцар,True
481,22,"Туризм, гостиницы, рестораны",22.518,Сомелье,True
482,22,"Туризм, гостиницы, рестораны",22.529,Анимация,True
483,22,"Туризм, гостиницы, рестораны",22.530,Оформление виз,False
484,22,"Туризм, гостиницы, рестораны",22.531,Управление туристическим бизнесом,False
485,22,"Туризм, гостиницы, рестораны",22.757,Другое,False
486,22,"Туризм, гостиницы, рестораны",22.11,Авиабилеты,False
487,22,"Туризм, гостиницы, рестораны",22.35,Банкеты,False
488,22,"Туризм, гостиницы, рестораны",22.39,Бронирование,False
489,22,"Туризм, гостиницы, рестораны",22.55,"Гид, Экскурсовод",False
490,22,"Туризм, гостиницы, рестораны",22.104,Кейтеринг,False
491,22,"Туризм, гостиницы, рестораны",22.175,"Начальный уровень, Мало опыта",False
492,22,"Туризм, гостиницы, рестораны",22.193,"Официант, Бармен",True
493,22,"Туризм, гостиницы, рестораны",22.198,"Организация встреч, Конференций",False
494,22,"Туризм, гостиницы, рестораны",22.199,Организация туристических продуктов,False
495,22,"Туризм, гостиницы, рестораны",22.204,Персонал кухни,True
496,22,"Туризм, гостиницы, рестораны",22.223,Продажа туристических услуг,False
497,22,"Туризм, гостиницы, рестораны",22.248,"Размещение, Обслуживание гостей",False
498,22,"Туризм, гостиницы, рестораны",22.316,Управление гостиницами,False
499,22,"Туризм, гостиницы, рестораны",22.329,"Управление ресторанами, Барами",False
500,22,"Туризм, гостиницы, рестораны",22.353,Шеф-повар,False
501,24,"Спортивные клубы, фитнес, салоны красоты",24.492,Массажист,True
502,24,"Спортивные клубы, фитнес, салоны красоты",24.493,Парикмахер,True
503,24,"Спортивные клубы, фитнес, салоны красоты",24.624,Ногтевой сервис,True
504,24,"Спортивные клубы, фитнес, салоны красоты",24.753,Другое,False
505,24,"Спортивные клубы, фитнес, салоны красоты",24.377,Косметология,True
506,24,"Спортивные клубы, фитнес, салоны красоты",24.378,Тренерский состав,False
507,24,"Спортивные клубы, фитнес, салоны красоты",24.379,Администрация,False
508,24,"Спортивные клубы, фитнес, салоны красоты",24.380,Продажи,False
509,29,Рабочий персонал,29.495,Грузчик,True
510,29,Рабочий персонал,29.510,Слесарь,True
511,29,Рабочий персонал,29.511,"Токарь, Фрезеровщик",True
512,29,Рабочий персонал,29.512,Фасовщик,True
513,29,Рабочий персонал,29.513,Столяр,True
514,29,Рабочий персонал,29.514,Сварщик,True
515,29,Рабочий персонал,29.515,Электрик,True
516,29,Рабочий персонал,29.516,Швея,True
517,29,Рабочий персонал,29.517,Сборщик,True
518,29,Рабочий персонал,29.540,Гардеробщик,True
519,29,Рабочий персонал,29.541,"Дворник, Уборщик",True
520,29,Рабочий персонал,29.542,Дорожные рабочие,True
521,29,Рабочий персонал,29.543,Жестянщик,True
522,29,Рабочий персонал,29.544,Заправщик картриджей,True
523,29,Рабочий персонал,29.545,"Комплектовщик, Укладчик-упаковщик",True
524,29,Рабочий персонал,29.546,Краснодеревщик,True
525,29,Рабочий персонал,29.547,Кузнец,True
526,29,Рабочий персонал,29.548,Лифтер,True
527,29,Рабочий персонал,29.549,Машинист производства,True
528,29,Рабочий персонал,29.550,Машинист сцены,True
529,29,Рабочий персонал,29.551,Машинист экскаватора,True
530,29,Рабочий персонал,29.552,Механик,True
531,29,Рабочий персонал,29.553,Оператор станков,True
532,29,Рабочий персонал,29.554,"Пастух, Чабан",True
533,29,Рабочий персонал,29.555,Перемотчик,True
534,29,Рабочий персонал,29.556,Разнорабочий,True
535,29,Рабочий персонал,29.557,Сантехник,True
536,29,Рабочий персонал,29.558,Шлифовщик,True
537,29,Рабочий персонал,29.559,Штукатур,True
538,29,Рабочий персонал,29.560,"Электромонтер, Кабельщик",True
539,29,Рабочий персонал,29.561,Ювелир,True
540,29,Рабочий персонал,29.581,Монтажник,True
541,29,Рабочий персонал,29.582,Проводник,True
542,29,Рабочий персонал,29.583,Маляр,True
543,29,Рабочий персонал,29.588,Другое,True
544,29,Рабочий персонал,29.162,Наладчик,True
545,27,Домашний персонал,27.496,"Воспитатель, Гувернантка/гувернёр, Няня",True
546,27,Домашний персонал,27.497,"домработница/домработник, Горничная",True
547,27,Домашний персонал,27.498,Персональный водитель,True
548,27,Домашний персонал,27.499,Садовник,True
549,27,Домашний персонал,27.500,Повар,True
550,27,Домашний персонал,27.501,Сиделка,True
551,27,Домашний персонал,27.533,"Помощник по хозяйству, Управляющий",True
552,27,Домашний персонал,27.584,Репетитор,True
553,27,Домашний персонал,27.741,Другое,False
554,15,"Начало карьеры, студенты",15.730,Бухгалтерия,False
555,15,"Начало карьеры, студенты",15.731,Закупки,False
556,15,"Начало карьеры, студенты",15.750,Другое,False
557,15,"Начало карьеры, студенты",15.68,Добыча сырья,False
558,15,"Начало карьеры, студенты",15.93,"Информационные технологии, Интернет, Мультимедиа",False
559,15,"Начало карьеры, студенты",15.96,"Искусство, Развлечения, Масс-медиа",False
560,15,"Начало карьеры, студенты",15.140,"Маркетинг, Реклама, PR",False
561,15,"Начало карьеры, студенты",15.146,"Медицина, Фармацевтика",False
562,15,"Начало карьеры, студенты",15.167,"Наука, Образование",False
563,15,"Начало карьеры, студенты",15.237,"Производство, Технологии",False
564,15,"Начало карьеры, студенты",15.281,Страхование,False
565,15,"Начало карьеры, студенты",15.288,"Строительство, Архитектура",False
566,15,"Начало карьеры, студенты",15.308,"Транспорт, Логистика",False
567,15,"Начало карьеры, студенты",15.313,"Туризм, Гостиницы, Рестораны",False
568,15,"Начало карьеры, студенты",15.320,Управление персоналом,False
569,15,"Начало карьеры, студенты",15.346,"Финансы, Банки, Инвестиции",False
570,15,"Начало карьеры, студенты",15.363,Юристы,False
571,15,"Начало карьеры, студенты",15.388,Административный персонал,False
572,15,"Начало карьеры, студенты",15.389,Продажи,False
573,15,"Начало карьеры, студенты",15.390,Автомобильный бизнес,False
574,15,"Начало карьеры, студенты",15.391,Консультирование,False
575,25,Инсталляция и сервис,25.743,Другое,False
576,25,Инсталляция и сервис,25.381,Сервисный инженер,False
577,25,Инсталляция и сервис,25.382,Руководитель сервисного центра,False
578,25,Инсталляция и сервис,25.383,Менеджер по сервису - сетевые и телекоммуникационные технологии,False
579,25,Инсталляция и сервис,25.384,Менеджер по сервису - промышленное оборудование,False
580,25,Инсталляция и сервис,25.385,Менеджер по сервису - транспорт,False
581,25,Инсталляция и сервис,25.386,Инсталляция и настройка оборудования,False
582,12,Консультирование,12.746,Другое,False
583,12,Консультирование,12.5,"Internet, E-Commerce",False
584,12,Консультирование,12.6,Knowledge management,False
585,12,Консультирование,12.7,PR Consulting,False
586,12,Консультирование,12.92,Информационные технологии,False
587,12,Консультирование,12.97,Исследования рынка,False
588,12,Консультирование,12.122,Корпоративные финансы,False
589,12,Консультирование,12.180,"Начальный уровень, Мало опыта",False
590,12,Консультирование,12.197,Организационное консультирование,False
591,12,Консультирование,12.251,Реинжиниринг бизнес процессов,False
592,12,Консультирование,12.252,"Реинжиниринг, Аутсорсинг финансовой функции",False
593,12,Консультирование,12.280,Стратегия,False
594,12,Консультирование,12.322,Управление практикой,False
595,12,Консультирование,12.326,Управление проектами,False
596,12,Консультирование,12.331,Управленческое консультирование,False
597,12,Консультирование,12.376,Недвижимость,False
598,14,"Наука, образование",14.749,Другое,False
599,14,"Наука, образование",14.762,Дошкольное образование,False
600,14,"Наука, образование",14.37,Биотехнологии,False
601,14,"Наука, образование",14.60,Гуманитарные науки,False
602,14,"Наука, образование",14.87,Инженерные науки,False
603,14,"Наука, образование",14.91,"Информатика, Информационные системы",False
604,14,"Наука, образование",14.141,Математика,False
605,14,"Наука, образование",14.169,Науки о Земле,False
606,14,"Наука, образование",14.178,"Начальный уровень, Мало опыта",False
607,14,"Наука, образование",14.217,Преподавание,False
608,14,"Наука, образование",14.340,Физика,False
609,14,"Наука, образование",14.349,Химия,False
610,14,"Наука, образование",14.355,"Экономика, Менеджмент",False
611,14,"Наука, образование",14.364,Языки,False
612,6,"Управление персоналом, тренинги",6.758,Другое,False
613,6,"Управление персоналом, тренинги",6.107,Компенсации и льготы,False
614,6,"Управление персоналом, тренинги",6.184,"Начальный уровень, Мало опыта",False
615,6,"Управление персоналом, тренинги",6.247,Развитие персонала,False
616,6,"Управление персоналом, тренинги",6.254,Рекрутмент,False
617,6,"Управление персоналом, тренинги",6.309,Тренинги,False
618,6,"Управление персоналом, тренинги",6.319,Управление персоналом,False
619,6,"Управление персоналом, тренинги",6.336,Учет кадров,False
